1,-4753916,7,219215
1,-4753934,6,180995
1,-4753952,9,56915
1,-4753970,2,726327
1,-4753988,3,341036
1,-4754006,5,847543
1,-4754024,4,099018
1,-4754042,2,006574
1,-4754060,6,286203
1,-4754078,8,961506
1,-4754096,5,841651
1,-4754114,4,637376
1,-4754132,3,432691
1,-4754150,2,155259
1,-4754168,9,218899
1,-4754186,8,937466
1,-4754204,4,529258
1,-4754222,5,500629
1,-4754240,9,414304
1,-4754258,5,885763
1,-4754276,4,063042
1,-4754294,9,776073
1,-4754312,5,006233
1,-4754330,4,188867
1,-4754348,9,82921
1,-4754366,3,896924
1,-4754384,4,292367
1,-4754402,6,596456
1,-4754420,3,214102
1,-4754438,3,916387
1,-4754456,9,119819
1,-4754474,6,741204
1,-4754492,2,696944
1,-4754510,8,538062
1,-4754528,5,493425
1,-4754546,9,461591
1,-4754564,2,273229
1,-4754582,5,034729
1,-4754600,8,81353
1,-4754618,5,282437
1,-4754636,6,986701
1,-4754654,8,191702
1,-4754672,9,61016
1,-4754690,6,260441
1,-4754708,4,367576
1,-4754726,9,700127
1,-4754744,6,28229
1,-4754762,8,751179
1,-4754780,8,264492
1,-4754798,4,584826
1,-4754816,6,072427
1,-4754834,5,588927
1,-4754852,6,73001
1,-4754870,9,297416
1,-4754888,8,224944
1,-4754906,5,819948
1,-4754924,6,593847
1,-4754942,9,11683
1,-4754960,2,626552
1,-4754978,5,629785
1,-4754996,5,688223
1,-4755014,7,143611
1,-4755032,7,688657
1,-4755050,3,279259
1,-4755068,6,284263
1,-4755086,9,515466
1,-4755104,3,607278
1,-4755122,3,317234
1,-4755140,8,971341
1,-4755158,7,183233
1,-4755176,4,590057
1,-4755194,4,960947
1,-4755212,4,590128
1,-4755230,6,587853
1,-4755248,8,013282
1,-4755266,7,619834
1,-4755284,6,365547
1,-4755302,4,20098
1,-4755320,9,345498
1,-4755338,4,537154
1,-4755356,2,351208
1,-4755374,8,229325
1,-4755392,8,002109
1,-4755410,4,563067
1,-4755428,4,056907
1,-4755446,9,738593
1,-4755464,3,240557
1,-4755482,5,762311
1,-4755500,7,845781
1,-4755518,4,664681
1,-4755536,2,04701
1,-4755554,5,242397
1,-4755572,6,660891
1,-4755590,4,188019
1,-4755608,6,358264
1,-4755626,8,295825
1,-4755644,3,714761
1,-4755662,2,458817
1,-4755680,3,233761
1,-4755698,7,717127
1,-4755716,5,650989
1,-4755734,3,539101
1,-4755752,2,116689
1,-4755770,6,961764
1,-4755788,6,595488
1,-4755806,6,656078
1,-4755824,3,819224
1,-4755842,3,126728
1,-4755860,9,961906
1,-4755878,9,763803
1,-4755896,4,244537
1,-4755914,7,767809
1,-4755932,4,914072
1,-4755950,6,980734
1,-4755968,6,702354
1,-4755986,5,514347
1,-4756004,8,750416
1,-4756022,9,069077
1,-4756040,9,504222
1,-4756058,5,557428
1,-4756076,2,734703
1,-4756094,5,20875
1,-4756112,7,496883
1,-4756130,3,038713
1,-4756148,6,119333
1,-4756166,7,548576
1,-4756184,5,771543
1,-4756202,5,097833
1,-4756220,5,543487
1,-4756238,7,284222
1,-4756256,6,317322
1,-4756274,8,110889
1,-4756292,6,750356
1,-4756310,2,70138
1,-4756328,6,919693
1,-4756346,6,531156
1,-4756364,9,797208
1,-4756382,6,828326
1,-4756400,6,824224
1,-4756418,6,921605
1,-4756436,8,927044
1,-4756454,8,006263
1,-4756472,2,013275
1,-4756490,8,986537
1,-4756508,5,977818
1,-4756526,7,411644
1,-4756544,6,61697
1,-4756562,6,595064
1,-4756580,5,414713
1,-4756598,4,787391
1,-4756616,6,926206
1,-4756634,3,039946
1,-4756652,7,61344
1,-4756670,4,576466
1,-4756688,5,139
1,-4756706,9,031722
1,-4756724,2,715144
1,-4756742,9,865918
1,-4756760,6,803214
1,-4756778,4,54415
1,-4756796,9,007792
1,-4756814,5,013861
1,-4756832,2,004396
1,-4756850,2,799019
1,-4756868,6,236772
1,-4756886,4,147438
1,-4756904,7,264204
1,-4756922,7,592058
1,-4756940,4,690683
1,-4756958,4,964365
1,-4756976,7,107719
1,-4756994,8,70143
1,-4757012,6,042266
1,-4757030,7,177444
1,-4757048,6,225834
1,-4757066,8,505135
1,-4757084,4,541581
1,-4757102,8,698226
1,-4757120,9,743157
1,-4757138,2,928205
1,-4757156,4,319721
1,-4757174,5,886514
1,-4757192,4,978257
1,-4757210,2,974183
1,-4757228,4,690446
1,-4757246,9,175571
1,-4757264,2,088413
1,-4757282,7,061139
1,-4757300,6,185441
1,-4757318,3,838467
1,-4757336,5,689693
1,-4757354,4,833054
1,-4757372,8,234299
1,-4757390,7,970119
1,-4757408,9,334144
1,-4757426,9,527564
1,-4757444,6,549708
1,-4757462,8,948281
1,-4757480,4,250705
1,-4757498,6,806499
2,-4753916,7,219215
2,-4753934,6,180995
2,-4753952,9,56915
2,-4753970,2,726327
2,-4753988,3,341036
2,-4754006,5,847543
2,-4754024,4,099018
2,-4754042,2,006574
2,-4754060,6,286203
2,-4754078,8,961506
2,-4754096,5,841651
2,-4754114,4,637376
2,-4754132,3,432691
2,-4754150,2,155259
2,-4754168,9,218899
2,-4754186,8,937466
2,-4754204,4,529258
2,-4754222,5,500629
2,-4754240,9,414304
2,-4754258,5,885763
2,-4754276,4,063042
2,-4754294,9,776073
2,-4754312,5,006233
2,-4754330,4,188867
2,-4754348,9,82921
2,-4754366,3,896924
2,-4754384,4,292367
2,-4754402,6,596456
2,-4754420,3,214102
2,-4754438,3,916387
2,-4754456,9,119819
2,-4754474,6,741204
2,-4754492,2,696944
2,-4754510,8,538062
2,-4754528,5,493425
2,-4754546,9,461591
2,-4754564,2,273229
2,-4754582,5,034729
2,-4754600,8,81353
2,-4754618,5,282437
2,-4754636,6,986701
2,-4754654,8,191702
2,-4754672,9,61016
2,-4754690,6,260441
2,-4754708,4,367576
2,-4754726,9,700127
2,-4754744,6,28229
2,-4754762,8,751179
2,-4754780,8,264492
2,-4754798,4,584826
2,-4754816,6,072427
2,-4754834,5,588927
2,-4754852,6,73001
2,-4754870,9,297416
2,-4754888,8,224944
2,-4754906,5,819948
2,-4754924,6,593847
2,-4754942,9,11683
2,-4754960,2,626552
2,-4754978,5,629785
2,-4754996,5,688223
2,-4755014,7,143611
2,-4755032,7,688657
2,-4755050,3,279259
2,-4755068,6,284263
2,-4755086,9,515466
2,-4755104,3,607278
2,-4755122,3,317234
2,-4755140,8,971341
2,-4755158,7,183233
2,-4755176,4,590057
2,-4755194,4,960947
2,-4755212,4,590128
2,-4755230,6,587853
2,-4755248,8,013282
2,-4755266,7,619834
2,-4755284,6,365547
2,-4755302,4,20098
2,-4755320,9,345498
2,-4755338,4,537154
2,-4755356,2,351208
2,-4755374,8,229325
2,-4755392,8,002109
2,-4755410,4,563067
2,-4755428,4,056907
2,-4755446,9,738593
2,-4755464,3,240557
2,-4755482,5,762311
2,-4755500,7,845781
2,-4755518,4,664681
2,-4755536,2,04701
2,-4755554,5,242397
2,-4755572,6,660891
2,-4755590,4,188019
2,-4755608,6,358264
2,-4755626,8,295825
2,-4755644,3,714761
2,-4755662,2,458817
2,-4755680,3,233761
2,-4755698,7,717127
2,-4755716,5,650989
2,-4755734,3,539101
2,-4755752,2,116689
2,-4755770,6,961764
2,-4755788,6,595488
2,-4755806,6,656078
2,-4755824,3,819224
2,-4755842,3,126728
2,-4755860,9,961906
2,-4755878,9,763803
2,-4755896,4,244537
2,-4755914,7,767809
2,-4755932,4,914072
2,-4755950,6,980734
2,-4755968,6,702354
2,-4755986,5,514347
2,-4756004,8,750416
2,-4756022,9,069077
2,-4756040,9,504222
2,-4756058,5,557428
2,-4756076,2,734703
2,-4756094,5,20875
2,-4756112,7,496883
2,-4756130,3,038713
2,-4756148,6,119333
2,-4756166,7,548576
2,-4756184,5,771543
2,-4756202,5,097833
2,-4756220,5,543487
2,-4756238,7,284222
2,-4756256,6,317322
2,-4756274,8,110889
2,-4756292,6,750356
2,-4756310,2,70138
2,-4756328,6,919693
2,-4756346,6,531156
2,-4756364,9,797208
2,-4756382,6,828326
2,-4756400,6,824224
2,-4756418,6,921605
2,-4756436,8,927044
2,-4756454,8,006263
2,-4756472,2,013275
2,-4756490,8,986537
2,-4756508,5,977818
2,-4756526,7,411644
2,-4756544,6,61697
2,-4756562,6,595064
2,-4756580,5,414713
2,-4756598,4,787391
2,-4756616,6,926206
2,-4756634,3,039946
2,-4756652,7,61344
2,-4756670,4,576466
2,-4756688,5,139
2,-4756706,9,031722
2,-4756724,2,715144
2,-4756742,9,865918
2,-4756760,6,803214
2,-4756778,4,54415
2,-4756796,9,007792
2,-4756814,5,013861
2,-4756832,2,004396
2,-4756850,2,799019
2,-4756868,6,236772
2,-4756886,4,147438
2,-4756904,7,264204
2,-4756922,7,592058
2,-4756940,4,690683
2,-4756958,4,964365
2,-4756976,7,107719
2,-4756994,8,70143
2,-4757012,6,042266
2,-4757030,7,177444
2,-4757048,6,225834
2,-4757066,8,505135
2,-4757084,4,541581
2,-4757102,8,698226
2,-4757120,9,743157
2,-4757138,2,928205
2,-4757156,4,319721
2,-4757174,5,886514
2,-4757192,4,978257
2,-4757210,2,974183
2,-4757228,4,690446
2,-4757246,9,175571
2,-4757264,2,088413
2,-4757282,7,061139
2,-4757300,6,185441
2,-4757318,3,838467
2,-4757336,5,689693
2,-4757354,4,833054
2,-4757372,8,234299
2,-4757390,7,970119
2,-4757408,9,334144
2,-4757426,9,527564
2,-4757444,6,549708
2,-4757462,8,948281
2,-4757480,4,250705
2,-4757498,6,806499
2,-4758584,8,948281
2,-4758604,6,549708
2,-4758624,4,244537
2,-4758644,9,56915
2,-4758664,4,964365
3,-4753916,7,219215
3,-4753934,6,180995
3,-4753952,9,56915
3,-4753970,2,726327
3,-4753988,3,341036
3,-4754006,5,847543
3,-4754024,4,099018
3,-4754042,2,006574
3,-4754060,6,286203
3,-4754078,8,961506
3,-4754096,5,841651
3,-4754114,4,637376
3,-4754132,3,432691
3,-4754150,2,155259
3,-4754168,9,218899
3,-4754186,8,937466
3,-4754204,4,529258
3,-4754222,5,500629
3,-4754240,9,414304
3,-4754258,5,885763
3,-4754276,4,063042
3,-4754294,9,776073
3,-4754312,5,006233
3,-4754330,4,188867
3,-4754348,9,82921
3,-4754366,3,896924
3,-4754384,4,292367
3,-4754402,6,596456
3,-4754420,3,214102
3,-4754438,3,916387
3,-4754456,9,119819
3,-4754474,6,741204
3,-4754492,2,696944
3,-4754510,8,538062
3,-4754528,5,493425
3,-4754546,9,461591
3,-4754564,2,273229
3,-4754582,5,034729
3,-4754600,8,81353
3,-4754618,5,282437
3,-4754636,6,986701
3,-4754654,8,191702
3,-4754672,9,61016
3,-4754690,6,260441
3,-4754708,4,367576
3,-4754726,9,700127
3,-4754744,6,28229
3,-4754762,8,751179
3,-4754780,8,264492
3,-4754798,4,584826
3,-4754816,6,072427
3,-4754834,5,588927
3,-4754852,6,73001
3,-4754870,9,297416
3,-4754888,8,224944
3,-4754906,5,819948
3,-4754924,6,593847
3,-4754942,9,11683
3,-4754960,2,626552
3,-4754978,5,629785
3,-4754996,5,688223
3,-4755014,7,143611
3,-4755032,7,688657
3,-4755050,3,279259
3,-4755068,6,284263
3,-4755086,9,515466
3,-4755104,3,607278
3,-4755122,3,317234
3,-4755140,8,971341
3,-4755158,7,183233
3,-4755176,4,590057
3,-4755194,4,960947
3,-4755212,4,590128
3,-4755230,6,587853
3,-4755248,8,013282
3,-4755266,7,619834
3,-4755284,6,365547
3,-4755302,4,20098
3,-4755320,9,345498
3,-4755338,4,537154
3,-4755356,2,351208
3,-4755374,8,229325
3,-4755392,8,002109
3,-4755410,4,563067
3,-4755428,4,056907
3,-4755446,9,738593
3,-4755464,3,240557
3,-4755482,5,762311
3,-4755500,7,845781
3,-4755518,4,664681
3,-4755536,2,04701
3,-4755554,5,242397
3,-4755572,6,660891
3,-4755590,4,188019
3,-4755608,6,358264
3,-4755626,8,295825
3,-4755644,3,714761
3,-4755662,2,458817
3,-4755680,3,233761
3,-4755698,7,717127
3,-4755716,5,650989
3,-4755734,3,539101
3,-4755752,2,116689
3,-4755770,6,961764
3,-4755788,6,595488
3,-4755806,6,656078
3,-4755824,3,819224
3,-4755842,3,126728
3,-4755860,9,961906
3,-4755878,9,763803
3,-4755896,4,244537
3,-4755914,7,767809
3,-4755932,4,914072
3,-4755950,6,980734
3,-4755968,6,702354
3,-4755986,5,514347
3,-4756004,8,750416
3,-4756022,9,069077
3,-4756040,9,504222
3,-4756058,5,557428
3,-4756076,2,734703
3,-4756094,5,20875
3,-4756112,7,496883
3,-4756130,3,038713
3,-4756148,6,119333
3,-4756166,7,548576
3,-4756184,5,771543
3,-4756202,5,097833
3,-4756220,5,543487
3,-4756238,7,284222
3,-4756256,6,317322
3,-4756274,8,110889
3,-4756292,6,750356
3,-4756310,2,70138
3,-4756328,6,919693
3,-4756346,6,531156
3,-4756364,9,797208
3,-4756382,6,828326
3,-4756400,6,824224
3,-4756418,6,921605
3,-4756436,8,927044
3,-4756454,8,006263
3,-4756472,2,013275
3,-4756490,8,986537
3,-4756508,5,977818
3,-4756526,7,411644
3,-4756544,6,61697
3,-4756562,6,595064
3,-4756580,5,414713
3,-4756598,4,787391
3,-4756616,6,926206
3,-4756634,3,039946
3,-4756652,7,61344
3,-4756670,4,576466
3,-4756688,5,139
3,-4756706,9,031722
3,-4756724,2,715144
3,-4756742,9,865918
3,-4756760,6,803214
3,-4756778,4,54415
3,-4756796,9,007792
3,-4756814,5,013861
3,-4756832,2,004396
3,-4756850,2,799019
3,-4756868,6,236772
3,-4756886,4,147438
3,-4756904,7,264204
3,-4756922,7,592058
3,-4756940,4,690683
3,-4756958,4,964365
3,-4756976,7,107719
3,-4756994,8,70143
3,-4757012,6,042266
3,-4757030,7,177444
3,-4757048,6,225834
3,-4757066,8,505135
3,-4757084,4,541581
3,-4757102,8,698226
3,-4757120,9,743157
3,-4757138,2,928205
3,-4757156,4,319721
3,-4757174,5,886514
3,-4757192,4,978257
3,-4757210,2,974183
3,-4757228,4,690446
3,-4757246,9,175571
3,-4757264,2,088413
3,-4757282,7,061139
3,-4757300,6,185441
3,-4757318,3,838467
3,-4757336,5,689693
3,-4757354,4,833054
3,-4757372,8,234299
3,-4757390,7,970119
3,-4757408,9,334144
3,-4757426,9,527564
3,-4757444,6,549708
3,-4757462,8,948281
3,-4757480,4,250705
3,-4757498,6,806499
3,-4758584,8,948281
3,-4758604,6,549708
3,-4758624,4,244537
3,-4758644,9,56915
3,-4758664,4,964365
3,-4759704,6,926206
3,-4759724,9,700127
3,-4759744,8,538062
3,-4759764,6,961764
3,-4759784,6,180995
4,-4753916,7,219215
4,-4753934,6,180995
4,-4753952,9,56915
4,-4753970,2,726327
4,-4753988,3,341036
4,-4754006,5,847543
4,-4754024,4,099018
4,-4754042,2,006574
4,-4754060,6,286203
4,-4754078,8,961506
4,-4754096,5,841651
4,-4754114,4,637376
4,-4754132,3,432691
4,-4754150,2,155259
4,-4754168,9,218899
4,-4754186,8,937466
4,-4754204,4,529258
4,-4754222,5,500629
4,-4754240,9,414304
4,-4754258,5,885763
4,-4754276,4,063042
4,-4754294,9,776073
4,-4754312,5,006233
4,-4754330,4,188867
4,-4754348,9,82921
4,-4754366,3,896924
4,-4754384,4,292367
4,-4754402,6,596456
4,-4754420,3,214102
4,-4754438,3,916387
4,-4754456,9,119819
4,-4754474,6,741204
4,-4754492,2,696944
4,-4754510,8,538062
4,-4754528,5,493425
4,-4754546,9,461591
4,-4754564,2,273229
4,-4754582,5,034729
4,-4754600,8,81353
4,-4754618,5,282437
4,-4754636,6,986701
4,-4754654,8,191702
4,-4754672,9,61016
4,-4754690,6,260441
4,-4754708,4,367576
4,-4754726,9,700127
4,-4754744,6,28229
4,-4754762,8,751179
4,-4754780,8,264492
4,-4754798,4,584826
4,-4754816,6,072427
4,-4754834,5,588927
4,-4754852,6,73001
4,-4754870,9,297416
4,-4754888,8,224944
4,-4754906,5,819948
4,-4754924,6,593847
4,-4754942,9,11683
4,-4754960,2,626552
4,-4754978,5,629785
4,-4754996,5,688223
4,-4755014,7,143611
4,-4755032,7,688657
4,-4755050,3,279259
4,-4755068,6,284263
4,-4755086,9,515466
4,-4755104,3,607278
4,-4755122,3,317234
4,-4755140,8,971341
4,-4755158,7,183233
4,-4755176,4,590057
4,-4755194,4,960947
4,-4755212,4,590128
4,-4755230,6,587853
4,-4755248,8,013282
4,-4755266,7,619834
4,-4755284,6,365547
4,-4755302,4,20098
4,-4755320,9,345498
4,-4755338,4,537154
4,-4755356,2,351208
4,-4755374,8,229325
4,-4755392,8,002109
4,-4755410,4,563067
4,-4755428,4,056907
4,-4755446,9,738593
4,-4755464,3,240557
4,-4755482,5,762311
4,-4755500,7,845781
4,-4755518,4,664681
4,-4755536,2,04701
4,-4755554,5,242397
4,-4755572,6,660891
4,-4755590,4,188019
4,-4755608,6,358264
4,-4755626,8,295825
4,-4755644,3,714761
4,-4755662,2,458817
4,-4755680,3,233761
4,-4755698,7,717127
4,-4755716,5,650989
4,-4755734,3,539101
4,-4755752,2,116689
4,-4755770,6,961764
4,-4755788,6,595488
4,-4755806,6,656078
4,-4755824,3,819224
4,-4755842,3,126728
4,-4755860,9,961906
4,-4755878,9,763803
4,-4755896,4,244537
4,-4755914,7,767809
4,-4755932,4,914072
4,-4755950,6,980734
4,-4755968,6,702354
4,-4755986,5,514347
4,-4756004,8,750416
4,-4756022,9,069077
4,-4756040,9,504222
4,-4756058,5,557428
4,-4756076,2,734703
4,-4756094,5,20875
4,-4756112,7,496883
4,-4756130,3,038713
4,-4756148,6,119333
4,-4756166,7,548576
4,-4756184,5,771543
4,-4756202,5,097833
4,-4756220,5,543487
4,-4756238,7,284222
4,-4756256,6,317322
4,-4756274,8,110889
4,-4756292,6,750356
4,-4756310,2,70138
4,-4756328,6,919693
4,-4756346,6,531156
4,-4756364,9,797208
4,-4756382,6,828326
4,-4756400,6,824224
4,-4756418,6,921605
4,-4756436,8,927044
4,-4756454,8,006263
4,-4756472,2,013275
4,-4756490,8,986537
4,-4756508,5,977818
4,-4756526,7,411644
4,-4756544,6,61697
4,-4756562,6,595064
4,-4756580,5,414713
4,-4756598,4,787391
4,-4756616,6,926206
4,-4756634,3,039946
4,-4756652,7,61344
4,-4756670,4,576466
4,-4756688,5,139
4,-4756706,9,031722
4,-4756724,2,715144
4,-4756742,9,865918
4,-4756760,6,803214
4,-4756778,4,54415
4,-4756796,9,007792
4,-4756814,5,013861
4,-4756832,2,004396
4,-4756850,2,799019
4,-4756868,6,236772
4,-4756886,4,147438
4,-4756904,7,264204
4,-4756922,7,592058
4,-4756940,4,690683
4,-4756958,4,964365
4,-4756976,7,107719
4,-4756994,8,70143
4,-4757012,6,042266
4,-4757030,7,177444
4,-4757048,6,225834
4,-4757066,8,505135
4,-4757084,4,541581
4,-4757102,8,698226
4,-4757120,9,743157
4,-4757138,2,928205
4,-4757156,4,319721
4,-4757174,5,886514
4,-4757192,4,978257
4,-4757210,2,974183
4,-4757228,4,690446
4,-4757246,9,175571
4,-4757264,2,088413
4,-4757282,7,061139
4,-4757300,6,185441
4,-4757318,3,838467
4,-4757336,5,689693
4,-4757354,4,833054
4,-4757372,8,234299
4,-4757390,7,970119
4,-4757408,9,334144
4,-4757426,9,527564
4,-4757444,6,549708
4,-4757462,8,948281
4,-4757480,4,250705
4,-4757498,6,806499
4,-4758584,8,948281
4,-4758604,6,549708
4,-4758624,4,244537
4,-4758644,9,56915
4,-4758664,4,964365
4,-4759704,6,926206
4,-4759724,9,700127
4,-4759744,8,538062
4,-4759764,6,961764
4,-4759784,6,180995
4,-4760818,8,751179
4,-4760838,9,297416
4,-4760858,6,185441
4,-4760878,8,937466
4,-4760898,6,225834
5,-4753916,7,219215
5,-4753934,6,180995
5,-4753952,9,56915
5,-4753970,2,726327
5,-4753988,3,341036
5,-4754006,5,847543
5,-4754024,4,099018
5,-4754042,2,006574
5,-4754060,6,286203
5,-4754078,8,961506
5,-4754096,5,841651
5,-4754114,4,637376
5,-4754132,3,432691
5,-4754150,2,155259
5,-4754168,9,218899
5,-4754186,8,937466
5,-4754204,4,529258
5,-4754222,5,500629
5,-4754240,9,414304
5,-4754258,5,885763
5,-4754276,4,063042
5,-4754294,9,776073
5,-4754312,5,006233
5,-4754330,4,188867
5,-4754348,9,82921
5,-4754366,3,896924
5,-4754384,4,292367
5,-4754402,6,596456
5,-4754420,3,214102
5,-4754438,3,916387
5,-4754456,9,119819
5,-4754474,6,741204
5,-4754492,2,696944
5,-4754510,8,538062
5,-4754528,5,493425
5,-4754546,9,461591
5,-4754564,2,273229
5,-4754582,5,034729
5,-4754600,8,81353
5,-4754618,5,282437
5,-4754636,6,986701
5,-4754654,8,191702
5,-4754672,9,61016
5,-4754690,6,260441
5,-4754708,4,367576
5,-4754726,9,700127
5,-4754744,6,28229
5,-4754762,8,751179
5,-4754780,8,264492
5,-4754798,4,584826
5,-4754816,6,072427
5,-4754834,5,588927
5,-4754852,6,73001
5,-4754870,9,297416
5,-4754888,8,224944
5,-4754906,5,819948
5,-4754924,6,593847
5,-4754942,9,11683
5,-4754960,2,626552
5,-4754978,5,629785
5,-4754996,5,688223
5,-4755014,7,143611
5,-4755032,7,688657
5,-4755050,3,279259
5,-4755068,6,284263
5,-4755086,9,515466
5,-4755104,3,607278
5,-4755122,3,317234
5,-4755140,8,971341
5,-4755158,7,183233
5,-4755176,4,590057
5,-4755194,4,960947
5,-4755212,4,590128
5,-4755230,6,587853
5,-4755248,8,013282
5,-4755266,7,619834
5,-4755284,6,365547
5,-4755302,4,20098
5,-4755320,9,345498
5,-4755338,4,537154
5,-4755356,2,351208
5,-4755374,8,229325
5,-4755392,8,002109
5,-4755410,4,563067
5,-4755428,4,056907
5,-4755446,9,738593
5,-4755464,3,240557
5,-4755482,5,762311
5,-4755500,7,845781
5,-4755518,4,664681
5,-4755536,2,04701
5,-4755554,5,242397
5,-4755572,6,660891
5,-4755590,4,188019
5,-4755608,6,358264
5,-4755626,8,295825
5,-4755644,3,714761
5,-4755662,2,458817
5,-4755680,3,233761
5,-4755698,7,717127
5,-4755716,5,650989
5,-4755734,3,539101
5,-4755752,2,116689
5,-4755770,6,961764
5,-4755788,6,595488
5,-4755806,6,656078
5,-4755824,3,819224
5,-4755842,3,126728
5,-4755860,9,961906
5,-4755878,9,763803
5,-4755896,4,244537
5,-4755914,7,767809
5,-4755932,4,914072
5,-4755950,6,980734
5,-4755968,6,702354
5,-4755986,5,514347
5,-4756004,8,750416
5,-4756022,9,069077
5,-4756040,9,504222
5,-4756058,5,557428
5,-4756076,2,734703
5,-4756094,5,20875
5,-4756112,7,496883
5,-4756130,3,038713
5,-4756148,6,119333
5,-4756166,7,548576
5,-4756184,5,771543
5,-4756202,5,097833
5,-4756220,5,543487
5,-4756238,7,284222
5,-4756256,6,317322
5,-4756274,8,110889
5,-4756292,6,750356
5,-4756310,2,70138
5,-4756328,6,919693
5,-4756346,6,531156
5,-4756364,9,797208
5,-4756382,6,828326
5,-4756400,6,824224
5,-4756418,6,921605
5,-4756436,8,927044
5,-4756454,8,006263
5,-4756472,2,013275
5,-4756490,8,986537
5,-4756508,5,977818
5,-4756526,7,411644
5,-4756544,6,61697
5,-4756562,6,595064
5,-4756580,5,414713
5,-4756598,4,787391
5,-4756616,6,926206
5,-4756634,3,039946
5,-4756652,7,61344
5,-4756670,4,576466
5,-4756688,5,139
5,-4756706,9,031722
5,-4756724,2,715144
5,-4756742,9,865918
5,-4756760,6,803214
5,-4756778,4,54415
5,-4756796,9,007792
5,-4756814,5,013861
5,-4756832,2,004396
5,-4756850,2,799019
5,-4756868,6,236772
5,-4756886,4,147438
5,-4756904,7,264204
5,-4756922,7,592058
5,-4756940,4,690683
5,-4756958,4,964365
5,-4756976,7,107719
5,-4756994,8,70143
5,-4757012,6,042266
5,-4757030,7,177444
5,-4757048,6,225834
5,-4757066,8,505135
5,-4757084,4,541581
5,-4757102,8,698226
5,-4757120,9,743157
5,-4757138,2,928205
5,-4757156,4,319721
5,-4757174,5,886514
5,-4757192,4,978257
5,-4757210,2,974183
5,-4757228,4,690446
5,-4757246,9,175571
5,-4757264,2,088413
5,-4757282,7,061139
5,-4757300,6,185441
5,-4757318,3,838467
5,-4757336,5,689693
5,-4757354,4,833054
5,-4757372,8,234299
5,-4757390,7,970119
5,-4757408,9,334144
5,-4757426,9,527564
5,-4757444,6,549708
5,-4757462,8,948281
5,-4757480,4,250705
5,-4757498,6,806499
5,-4758584,8,948281
5,-4758604,6,549708
5,-4758624,4,244537
5,-4758644,9,56915
5,-4758664,4,964365
5,-4759704,6,926206
5,-4759724,9,700127
5,-4759744,8,538062
5,-4759764,6,961764
5,-4759784,6,180995
5,-4760818,8,751179
5,-4760838,9,297416
5,-4760858,6,185441
5,-4760878,8,937466
5,-4760898,6,225834
5,-4761934,3,038713
5,-4761954,8,948281
5,-4761974,9,11683
5,-4761994,7,177444
5,-4762014,3,607278
6,-4753916,7,219215
6,-4753934,6,180995
6,-4753952,9,56915
6,-4753970,2,726327
6,-4753988,3,341036
6,-4754006,5,847543
6,-4754024,4,099018
6,-4754042,2,006574
6,-4754060,6,286203
6,-4754078,8,961506
6,-4754096,5,841651
6,-4754114,4,637376
6,-4754132,3,432691
6,-4754150,2,155259
6,-4754168,9,218899
6,-4754186,8,937466
6,-4754204,4,529258
6,-4754222,5,500629
6,-4754240,9,414304
6,-4754258,5,885763
6,-4754276,4,063042
6,-4754294,9,776073
6,-4754312,5,006233
6,-4754330,4,188867
6,-4754348,9,82921
6,-4754366,3,896924
6,-4754384,4,292367
6,-4754402,6,596456
6,-4754420,3,214102
6,-4754438,3,916387
6,-4754456,9,119819
6,-4754474,6,741204
6,-4754492,2,696944
6,-4754510,8,538062
6,-4754528,5,493425
6,-4754546,9,461591
6,-4754564,2,273229
6,-4754582,5,034729
6,-4754600,8,81353
6,-4754618,5,282437
6,-4754636,6,986701
6,-4754654,8,191702
6,-4754672,9,61016
6,-4754690,6,260441
6,-4754708,4,367576
6,-4754726,9,700127
6,-4754744,6,28229
6,-4754762,8,751179
6,-4754780,8,264492
6,-4754798,4,584826
6,-4754816,6,072427
6,-4754834,5,588927
6,-4754852,6,73001
6,-4754870,9,297416
6,-4754888,8,224944
6,-4754906,5,819948
6,-4754924,6,593847
6,-4754942,9,11683
6,-4754960,2,626552
6,-4754978,5,629785
6,-4754996,5,688223
6,-4755014,7,143611
6,-4755032,7,688657
6,-4755050,3,279259
6,-4755068,6,284263
6,-4755086,9,515466
6,-4755104,3,607278
6,-4755122,3,317234
6,-4755140,8,971341
6,-4755158,7,183233
6,-4755176,4,590057
6,-4755194,4,960947
6,-4755212,4,590128
6,-4755230,6,587853
6,-4755248,8,013282
6,-4755266,7,619834
6,-4755284,6,365547
6,-4755302,4,20098
6,-4755320,9,345498
6,-4755338,4,537154
6,-4755356,2,351208
6,-4755374,8,229325
6,-4755392,8,002109
6,-4755410,4,563067
6,-4755428,4,056907
6,-4755446,9,738593
6,-4755464,3,240557
6,-4755482,5,762311
6,-4755500,7,845781
6,-4755518,4,664681
6,-4755536,2,04701
6,-4755554,5,242397
6,-4755572,6,660891
6,-4755590,4,188019
6,-4755608,6,358264
6,-4755626,8,295825
6,-4755644,3,714761
6,-4755662,2,458817
6,-4755680,3,233761
6,-4755698,7,717127
6,-4755716,5,650989
6,-4755734,3,539101
6,-4755752,2,116689
6,-4755770,6,961764
6,-4755788,6,595488
6,-4755806,6,656078
6,-4755824,3,819224
6,-4755842,3,126728
6,-4755860,9,961906
6,-4755878,9,763803
6,-4755896,4,244537
6,-4755914,7,767809
6,-4755932,4,914072
6,-4755950,6,980734
6,-4755968,6,702354
6,-4755986,5,514347
6,-4756004,8,750416
6,-4756022,9,069077
6,-4756040,9,504222
6,-4756058,5,557428
6,-4756076,2,734703
6,-4756094,5,20875
6,-4756112,7,496883
6,-4756130,3,038713
6,-4756148,6,119333
6,-4756166,7,548576
6,-4756184,5,771543
6,-4756202,5,097833
6,-4756220,5,543487
6,-4756238,7,284222
6,-4756256,6,317322
6,-4756274,8,110889
6,-4756292,6,750356
6,-4756310,2,70138
6,-4756328,6,919693
6,-4756346,6,531156
6,-4756364,9,797208
6,-4756382,6,828326
6,-4756400,6,824224
6,-4756418,6,921605
6,-4756436,8,927044
6,-4756454,8,006263
6,-4756472,2,013275
6,-4756490,8,986537
6,-4756508,5,977818
6,-4756526,7,411644
6,-4756544,6,61697
6,-4756562,6,595064
6,-4756580,5,414713
6,-4756598,4,787391
6,-4756616,6,926206
6,-4756634,3,039946
6,-4756652,7,61344
6,-4756670,4,576466
6,-4756688,5,139
6,-4756706,9,031722
6,-4756724,2,715144
6,-4756742,9,865918
6,-4756760,6,803214
6,-4756778,4,54415
6,-4756796,9,007792
6,-4756814,5,013861
6,-4756832,2,004396
6,-4756850,2,799019
6,-4756868,6,236772
6,-4756886,4,147438
6,-4756904,7,264204
6,-4756922,7,592058
6,-4756940,4,690683
6,-4756958,4,964365
6,-4756976,7,107719
6,-4756994,8,70143
6,-4757012,6,042266
6,-4757030,7,177444
6,-4757048,6,225834
6,-4757066,8,505135
6,-4757084,4,541581
6,-4757102,8,698226
6,-4757120,9,743157
6,-4757138,2,928205
6,-4757156,4,319721
6,-4757174,5,886514
6,-4757192,4,978257
6,-4757210,2,974183
6,-4757228,4,690446
6,-4757246,9,175571
6,-4757264,2,088413
6,-4757282,7,061139
6,-4757300,6,185441
6,-4757318,3,838467
6,-4757336,5,689693
6,-4757354,4,833054
6,-4757372,8,234299
6,-4757390,7,970119
6,-4757408,9,334144
6,-4757426,9,527564
6,-4757444,6,549708
6,-4757462,8,948281
6,-4757480,4,250705
6,-4757498,6,806499
6,-4758584,8,948281
6,-4758604,6,549708
6,-4758624,4,244537
6,-4758644,9,56915
6,-4758664,4,964365
6,-4759704,6,926206
6,-4759724,9,700127
6,-4759744,8,538062
6,-4759764,6,961764
6,-4759784,6,180995
6,-4760818,8,751179
6,-4760838,9,297416
6,-4760858,6,185441
6,-4760878,8,937466
6,-4760898,6,225834
6,-4761934,3,038713
6,-4761954,8,948281
6,-4761974,9,11683
6,-4761994,7,177444
6,-4762014,3,607278
6,-4763048,6,986701
6,-4763068,6,28229
6,-4763088,5,819948
6,-4763108,8,191702
6,-4763128,9,56915
7,-4753916,7,219215
7,-4753934,6,180995
7,-4753952,9,56915
7,-4753970,2,726327
7,-4753988,3,341036
7,-4754006,5,847543
7,-4754024,4,099018
7,-4754042,2,006574
7,-4754060,6,286203
7,-4754078,8,961506
7,-4754096,5,841651
7,-4754114,4,637376
7,-4754132,3,432691
7,-4754150,2,155259
7,-4754168,9,218899
7,-4754186,8,937466
7,-4754204,4,529258
7,-4754222,5,500629
7,-4754240,9,414304
7,-4754258,5,885763
7,-4754276,4,063042
7,-4754294,9,776073
7,-4754312,5,006233
7,-4754330,4,188867
7,-4754348,9,82921
7,-4754366,3,896924
7,-4754384,4,292367
7,-4754402,6,596456
7,-4754420,3,214102
7,-4754438,3,916387
7,-4754456,9,119819
7,-4754474,6,741204
7,-4754492,2,696944
7,-4754510,8,538062
7,-4754528,5,493425
7,-4754546,9,461591
7,-4754564,2,273229
7,-4754582,5,034729
7,-4754600,8,81353
7,-4754618,5,282437
7,-4754636,6,986701
7,-4754654,8,191702
7,-4754672,9,61016
7,-4754690,6,260441
7,-4754708,4,367576
7,-4754726,9,700127
7,-4754744,6,28229
7,-4754762,8,751179
7,-4754780,8,264492
7,-4754798,4,584826
7,-4754816,6,072427
7,-4754834,5,588927
7,-4754852,6,73001
7,-4754870,9,297416
7,-4754888,8,224944
7,-4754906,5,819948
7,-4754924,6,593847
7,-4754942,9,11683
7,-4754960,2,626552
7,-4754978,5,629785
7,-4754996,5,688223
7,-4755014,7,143611
7,-4755032,7,688657
7,-4755050,3,279259
7,-4755068,6,284263
7,-4755086,9,515466
7,-4755104,3,607278
7,-4755122,3,317234
7,-4755140,8,971341
7,-4755158,7,183233
7,-4755176,4,590057
7,-4755194,4,960947
7,-4755212,4,590128
7,-4755230,6,587853
7,-4755248,8,013282
7,-4755266,7,619834
7,-4755284,6,365547
7,-4755302,4,20098
7,-4755320,9,345498
7,-4755338,4,537154
7,-4755356,2,351208
7,-4755374,8,229325
7,-4755392,8,002109
7,-4755410,4,563067
7,-4755428,4,056907
7,-4755446,9,738593
7,-4755464,3,240557
7,-4755482,5,762311
7,-4755500,7,845781
7,-4755518,4,664681
7,-4755536,2,04701
7,-4755554,5,242397
7,-4755572,6,660891
7,-4755590,4,188019
7,-4755608,6,358264
7,-4755626,8,295825
7,-4755644,3,714761
7,-4755662,2,458817
7,-4755680,3,233761
7,-4755698,7,717127
7,-4755716,5,650989
7,-4755734,3,539101
7,-4755752,2,116689
7,-4755770,6,961764
7,-4755788,6,595488
7,-4755806,6,656078
7,-4755824,3,819224
7,-4755842,3,126728
7,-4755860,9,961906
7,-4755878,9,763803
7,-4755896,4,244537
7,-4755914,7,767809
7,-4755932,4,914072
7,-4755950,6,980734
7,-4755968,6,702354
7,-4755986,5,514347
7,-4756004,8,750416
7,-4756022,9,069077
7,-4756040,9,504222
7,-4756058,5,557428
7,-4756076,2,734703
7,-4756094,5,20875
7,-4756112,7,496883
7,-4756130,3,038713
7,-4756148,6,119333
7,-4756166,7,548576
7,-4756184,5,771543
7,-4756202,5,097833
7,-4756220,5,543487
7,-4756238,7,284222
7,-4756256,6,317322
7,-4756274,8,110889
7,-4756292,6,750356
7,-4756310,2,70138
7,-4756328,6,919693
7,-4756346,6,531156
7,-4756364,9,797208
7,-4756382,6,828326
7,-4756400,6,824224
7,-4756418,6,921605
7,-4756436,8,927044
7,-4756454,8,006263
7,-4756472,2,013275
7,-4756490,8,986537
7,-4756508,5,977818
7,-4756526,7,411644
7,-4756544,6,61697
7,-4756562,6,595064
7,-4756580,5,414713
7,-4756598,4,787391
7,-4756616,6,926206
7,-4756634,3,039946
7,-4756652,7,61344
7,-4756670,4,576466
7,-4756688,5,139
7,-4756706,9,031722
7,-4756724,2,715144
7,-4756742,9,865918
7,-4756760,6,803214
7,-4756778,4,54415
7,-4756796,9,007792
7,-4756814,5,013861
7,-4756832,2,004396
7,-4756850,2,799019
7,-4756868,6,236772
7,-4756886,4,147438
7,-4756904,7,264204
7,-4756922,7,592058
7,-4756940,4,690683
7,-4756958,4,964365
7,-4756976,7,107719
7,-4756994,8,70143
7,-4757012,6,042266
7,-4757030,7,177444
7,-4757048,6,225834
7,-4757066,8,505135
7,-4757084,4,541581
7,-4757102,8,698226
7,-4757120,9,743157
7,-4757138,2,928205
7,-4757156,4,319721
7,-4757174,5,886514
7,-4757192,4,978257
7,-4757210,2,974183
7,-4757228,4,690446
7,-4757246,9,175571
7,-4757264,2,088413
7,-4757282,7,061139
7,-4757300,6,185441
7,-4757318,3,838467
7,-4757336,5,689693
7,-4757354,4,833054
7,-4757372,8,234299
7,-4757390,7,970119
7,-4757408,9,334144
7,-4757426,9,527564
7,-4757444,6,549708
7,-4757462,8,948281
7,-4757480,4,250705
7,-4757498,6,806499
7,-4758584,8,948281
7,-4758604,6,549708
7,-4758624,4,244537
7,-4758644,9,56915
7,-4758664,4,964365
7,-4759704,6,926206
7,-4759724,9,700127
7,-4759744,8,538062
7,-4759764,6,961764
7,-4759784,6,180995
7,-4760818,8,751179
7,-4760838,9,297416
7,-4760858,6,185441
7,-4760878,8,937466
7,-4760898,6,225834
7,-4761934,3,038713
7,-4761954,8,948281
7,-4761974,9,11683
7,-4761994,7,177444
7,-4762014,3,607278
7,-4763048,6,986701
7,-4763068,6,28229
7,-4763088,5,819948
7,-4763108,8,191702
7,-4763128,9,56915
7,-4764158,6,119333
7,-4764178,3,896924
7,-4764198,6,180995
7,-4764218,8,290044
7,-4764238,8,751179
8,-4753916,7,219215
8,-4753934,6,180995
8,-4753952,9,56915
8,-4753970,2,726327
8,-4753988,3,341036
8,-4754006,5,847543
8,-4754024,4,099018
8,-4754042,2,006574
8,-4754060,6,286203
8,-4754078,8,961506
8,-4754096,5,841651
8,-4754114,4,637376
8,-4754132,3,432691
8,-4754150,2,155259
8,-4754168,9,218899
8,-4754186,8,937466
8,-4754204,4,529258
8,-4754222,5,500629
8,-4754240,9,414304
8,-4754258,5,885763
8,-4754276,4,063042
8,-4754294,9,776073
8,-4754312,5,006233
8,-4754330,4,188867
8,-4754348,9,82921
8,-4754366,3,896924
8,-4754384,4,292367
8,-4754402,6,596456
8,-4754420,3,214102
8,-4754438,3,916387
8,-4754456,9,119819
8,-4754474,6,741204
8,-4754492,2,696944
8,-4754510,8,538062
8,-4754528,5,493425
8,-4754546,9,461591
8,-4754564,2,273229
8,-4754582,5,034729
8,-4754600,8,81353
8,-4754618,5,282437
8,-4754636,6,986701
8,-4754654,8,191702
8,-4754672,9,61016
8,-4754690,6,260441
8,-4754708,4,367576
8,-4754726,9,700127
8,-4754744,6,28229
8,-4754762,8,751179
8,-4754780,8,264492
8,-4754798,4,584826
8,-4754816,6,072427
8,-4754834,5,588927
8,-4754852,6,73001
8,-4754870,9,297416
8,-4754888,8,224944
8,-4754906,5,819948
8,-4754924,6,593847
8,-4754942,9,11683
8,-4754960,2,626552
8,-4754978,5,629785
8,-4754996,5,688223
8,-4755014,7,143611
8,-4755032,7,688657
8,-4755050,3,279259
8,-4755068,6,284263
8,-4755086,9,515466
8,-4755104,3,607278
8,-4755122,3,317234
8,-4755140,8,971341
8,-4755158,7,183233
8,-4755176,4,590057
8,-4755194,4,960947
8,-4755212,4,590128
8,-4755230,6,587853
8,-4755248,8,013282
8,-4755266,7,619834
8,-4755284,6,365547
8,-4755302,4,20098
8,-4755320,9,345498
8,-4755338,4,537154
8,-4755356,2,351208
8,-4755374,8,229325
8,-4755392,8,002109
8,-4755410,4,563067
8,-4755428,4,056907
8,-4755446,9,738593
8,-4755464,3,240557
8,-4755482,5,762311
8,-4755500,7,845781
8,-4755518,4,664681
8,-4755536,2,04701
8,-4755554,5,242397
8,-4755572,6,660891
8,-4755590,4,188019
8,-4755608,6,358264
8,-4755626,8,295825
8,-4755644,3,714761
8,-4755662,2,458817
8,-4755680,3,233761
8,-4755698,7,717127
8,-4755716,5,650989
8,-4755734,3,539101
8,-4755752,2,116689
8,-4755770,6,961764
8,-4755788,6,595488
8,-4755806,6,656078
8,-4755824,3,819224
8,-4755842,3,126728
8,-4755860,9,961906
8,-4755878,9,763803
8,-4755896,4,244537
8,-4755914,7,767809
8,-4755932,4,914072
8,-4755950,6,980734
8,-4755968,6,702354
8,-4755986,5,514347
8,-4756004,8,750416
8,-4756022,9,069077
8,-4756040,9,504222
8,-4756058,5,557428
8,-4756076,2,734703
8,-4756094,5,20875
8,-4756112,7,496883
8,-4756130,3,038713
8,-4756148,6,119333
8,-4756166,7,548576
8,-4756184,5,771543
8,-4756202,5,097833
8,-4756220,5,543487
8,-4756238,7,284222
8,-4756256,6,317322
8,-4756274,8,110889
8,-4756292,6,750356
8,-4756310,2,70138
8,-4756328,6,919693
8,-4756346,6,531156
8,-4756364,9,797208
8,-4756382,6,828326
8,-4756400,6,824224
8,-4756418,6,921605
8,-4756436,8,927044
8,-4756454,8,006263
8,-4756472,2,013275
8,-4756490,8,986537
8,-4756508,5,977818
8,-4756526,7,411644
8,-4756544,6,61697
8,-4756562,6,595064
8,-4756580,5,414713
8,-4756598,4,787391
8,-4756616,6,926206
8,-4756634,3,039946
8,-4756652,7,61344
8,-4756670,4,576466
8,-4756688,5,139
8,-4756706,9,031722
8,-4756724,2,715144
8,-4756742,9,865918
8,-4756760,6,803214
8,-4756778,4,54415
8,-4756796,9,007792
8,-4756814,5,013861
8,-4756832,2,004396
8,-4756850,2,799019
8,-4756868,6,236772
8,-4756886,4,147438
8,-4756904,7,264204
8,-4756922,7,592058
8,-4756940,4,690683
8,-4756958,4,964365
8,-4756976,7,107719
8,-4756994,8,70143
8,-4757012,6,042266
8,-4757030,7,177444
8,-4757048,6,225834
8,-4757066,8,505135
8,-4757084,4,541581
8,-4757102,8,698226
8,-4757120,9,743157
8,-4757138,2,928205
8,-4757156,4,319721
8,-4757174,5,886514
8,-4757192,4,978257
8,-4757210,2,974183
8,-4757228,4,690446
8,-4757246,9,175571
8,-4757264,2,088413
8,-4757282,7,061139
8,-4757300,6,185441
8,-4757318,3,838467
8,-4757336,5,689693
8,-4757354,4,833054
8,-4757372,8,234299
8,-4757390,7,970119
8,-4757408,9,334144
8,-4757426,9,527564
8,-4757444,6,549708
8,-4757462,8,948281
8,-4757480,4,250705
8,-4757498,6,806499
8,-4758584,8,948281
8,-4758604,6,549708
8,-4758624,4,244537
8,-4758644,9,56915
8,-4758664,4,964365
8,-4759704,6,926206
8,-4759724,9,700127
8,-4759744,8,538062
8,-4759764,6,961764
8,-4759784,6,180995
8,-4760818,8,751179
8,-4760838,9,297416
8,-4760858,6,185441
8,-4760878,8,937466
8,-4760898,6,225834
8,-4761934,3,038713
8,-4761954,8,948281
8,-4761974,9,11683
8,-4761994,7,177444
8,-4762014,3,607278
8,-4763048,6,986701
8,-4763068,6,28229
8,-4763088,5,819948
8,-4763108,8,191702
8,-4763128,9,56915
8,-4764158,6,119333
8,-4764178,3,896924
8,-4764198,6,180995
8,-4764218,8,290044
8,-4764238,8,751179
8,-4765272,4,188019
8,-4765292,6,921605
8,-4765312,7,717127
8,-4765332,6,596456
8,-4765352,2,013275
9,-4753916,7,219215
9,-4753934,6,180995
9,-4753952,9,56915
9,-4753970,2,726327
9,-4753988,3,341036
9,-4754006,5,847543
9,-4754024,4,099018
9,-4754042,2,006574
9,-4754060,6,286203
9,-4754078,8,961506
9,-4754096,5,841651
9,-4754114,4,637376
9,-4754132,3,432691
9,-4754150,2,155259
9,-4754168,9,218899
9,-4754186,8,937466
9,-4754204,4,529258
9,-4754222,5,500629
9,-4754240,9,414304
9,-4754258,5,885763
9,-4754276,4,063042
9,-4754294,9,776073
9,-4754312,5,006233
9,-4754330,4,188867
9,-4754348,9,82921
9,-4754366,3,896924
9,-4754384,4,292367
9,-4754402,6,596456
9,-4754420,3,214102
9,-4754438,3,916387
9,-4754456,9,119819
9,-4754474,6,741204
9,-4754492,2,696944
9,-4754510,8,538062
9,-4754528,5,493425
9,-4754546,9,461591
9,-4754564,2,273229
9,-4754582,5,034729
9,-4754600,8,81353
9,-4754618,5,282437
9,-4754636,6,986701
9,-4754654,8,191702
9,-4754672,9,61016
9,-4754690,6,260441
9,-4754708,4,367576
9,-4754726,9,700127
9,-4754744,6,28229
9,-4754762,8,751179
9,-4754780,8,264492
9,-4754798,4,584826
9,-4754816,6,072427
9,-4754834,5,588927
9,-4754852,6,73001
9,-4754870,9,297416
9,-4754888,8,224944
9,-4754906,5,819948
9,-4754924,6,593847
9,-4754942,9,11683
9,-4754960,2,626552
9,-4754978,5,629785
9,-4754996,5,688223
9,-4755014,7,143611
9,-4755032,7,688657
9,-4755050,3,279259
9,-4755068,6,284263
9,-4755086,9,515466
9,-4755104,3,607278
9,-4755122,3,317234
9,-4755140,8,971341
9,-4755158,7,183233
9,-4755176,4,590057
9,-4755194,4,960947
9,-4755212,4,590128
9,-4755230,6,587853
9,-4755248,8,013282
9,-4755266,7,619834
9,-4755284,6,365547
9,-4755302,4,20098
9,-4755320,9,345498
9,-4755338,4,537154
9,-4755356,2,351208
9,-4755374,8,229325
9,-4755392,8,002109
9,-4755410,4,563067
9,-4755428,4,056907
9,-4755446,9,738593
9,-4755464,3,240557
9,-4755482,5,762311
9,-4755500,7,845781
9,-4755518,4,664681
9,-4755536,2,04701
9,-4755554,5,242397
9,-4755572,6,660891
9,-4755590,4,188019
9,-4755608,6,358264
9,-4755626,8,295825
9,-4755644,3,714761
9,-4755662,2,458817
9,-4755680,3,233761
9,-4755698,7,717127
9,-4755716,5,650989
9,-4755734,3,539101
9,-4755752,2,116689
9,-4755770,6,961764
9,-4755788,6,595488
9,-4755806,6,656078
9,-4755824,3,819224
9,-4755842,3,126728
9,-4755860,9,961906
9,-4755878,9,763803
9,-4755896,4,244537
9,-4755914,7,767809
9,-4755932,4,914072
9,-4755950,6,980734
9,-4755968,6,702354
9,-4755986,5,514347
9,-4756004,8,750416
9,-4756022,9,069077
9,-4756040,9,504222
9,-4756058,5,557428
9,-4756076,2,734703
9,-4756094,5,20875
9,-4756112,7,496883
9,-4756130,3,038713
9,-4756148,6,119333
9,-4756166,7,548576
9,-4756184,5,771543
9,-4756202,5,097833
9,-4756220,5,543487
9,-4756238,7,284222
9,-4756256,6,317322
9,-4756274,8,110889
9,-4756292,6,750356
9,-4756310,2,70138
9,-4756328,6,919693
9,-4756346,6,531156
9,-4756364,9,797208
9,-4756382,6,828326
9,-4756400,6,824224
9,-4756418,6,921605
9,-4756436,8,927044
9,-4756454,8,006263
9,-4756472,2,013275
9,-4756490,8,986537
9,-4756508,5,977818
9,-4756526,7,411644
9,-4756544,6,61697
9,-4756562,6,595064
9,-4756580,5,414713
9,-4756598,4,787391
9,-4756616,6,926206
9,-4756634,3,039946
9,-4756652,7,61344
9,-4756670,4,576466
9,-4756688,5,139
9,-4756706,9,031722
9,-4756724,2,715144
9,-4756742,9,865918
9,-4756760,6,803214
9,-4756778,4,54415
9,-4756796,9,007792
9,-4756814,5,013861
9,-4756832,2,004396
9,-4756850,2,799019
9,-4756868,6,236772
9,-4756886,4,147438
9,-4756904,7,264204
9,-4756922,7,592058
9,-4756940,4,690683
9,-4756958,4,964365
9,-4756976,7,107719
9,-4756994,8,70143
9,-4757012,6,042266
9,-4757030,7,177444
9,-4757048,6,225834
9,-4757066,8,505135
9,-4757084,4,541581
9,-4757102,8,698226
9,-4757120,9,743157
9,-4757138,2,928205
9,-4757156,4,319721
9,-4757174,5,886514
9,-4757192,4,978257
9,-4757210,2,974183
9,-4757228,4,690446
9,-4757246,9,175571
9,-4757264,2,088413
9,-4757282,7,061139
9,-4757300,6,185441
9,-4757318,3,838467
9,-4757336,5,689693
9,-4757354,4,833054
9,-4757372,8,234299
9,-4757390,7,970119
9,-4757408,9,334144
9,-4757426,9,527564
9,-4757444,6,549708
9,-4757462,8,948281
9,-4757480,4,250705
9,-4757498,6,806499
9,-4758584,8,948281
9,-4758604,6,549708
9,-4758624,4,244537
9,-4758644,9,56915
9,-4758664,4,964365
9,-4759704,6,926206
9,-4759724,9,700127
9,-4759744,8,538062
9,-4759764,6,961764
9,-4759784,6,180995
9,-4760818,8,751179
9,-4760838,9,297416
9,-4760858,6,185441
9,-4760878,8,937466
9,-4760898,6,225834
9,-4761934,3,038713
9,-4761954,8,948281
9,-4761974,9,11683
9,-4761994,7,177444
9,-4762014,3,607278
9,-4763048,6,986701
9,-4763068,6,28229
9,-4763088,5,819948
9,-4763108,8,191702
9,-4763128,9,56915
9,-4764158,6,119333
9,-4764178,3,896924
9,-4764198,6,180995
9,-4764218,8,290044
9,-4764238,8,751179
9,-4765272,4,188019
9,-4765292,6,921605
9,-4765312,7,717127
9,-4765332,6,596456
9,-4765352,2,013275
9,-4766380,9,56915
9,-4766400,6,119333
9,-4766420,6,980734
9,-4766440,8,927044
9,-4766460,4,960947
10,-4753916,7,219215
10,-4753934,6,180995
10,-4753952,9,56915
10,-4753970,2,726327
10,-4753988,3,341036
10,-4754006,5,847543
10,-4754024,4,099018
10,-4754042,2,006574
10,-4754060,6,286203
10,-4754078,8,961506
10,-4754096,5,841651
10,-4754114,4,637376
10,-4754132,3,432691
10,-4754150,2,155259
10,-4754168,9,218899
10,-4754186,8,937466
10,-4754204,4,529258
10,-4754222,5,500629
10,-4754240,9,414304
10,-4754258,5,885763
10,-4754276,4,063042
10,-4754294,9,776073
10,-4754312,5,006233
10,-4754330,4,188867
10,-4754348,9,82921
10,-4754366,3,896924
10,-4754384,4,292367
10,-4754402,6,596456
10,-4754420,3,214102
10,-4754438,3,916387
10,-4754474,6,741204
10,-4754492,2,696944
10,-4754510,8,538062
10,-4754528,5,493425
10,-4754546,9,461591
10,-4754564,2,273229
10,-4754582,5,034729
10,-4754600,8,81353
10,-4754618,5,282437
10,-4754636,6,986701
10,-4754654,8,191702
10,-4754672,9,61016
10,-4754690,6,260441
10,-4754708,4,367576
10,-4754726,9,700127
10,-4754744,6,28229
10,-4754762,8,751179
10,-4754780,8,264492
10,-4754798,4,584826
10,-4754816,6,072427
10,-4754834,5,588927
10,-4754852,6,73001
10,-4754870,9,297416
10,-4754888,8,224944
10,-4754906,5,819948
10,-4754924,6,593847
10,-4754942,9,11683
10,-4754960,2,626552
10,-4754978,5,629785
10,-4754996,5,688223
10,-4755014,7,143611
10,-4755032,7,688657
10,-4755050,3,279259
10,-4755068,6,284263
10,-4755086,9,515466
10,-4755104,3,607278
10,-4755140,8,971341
10,-4755176,4,590057
10,-4755194,4,960947
10,-4755212,4,590128
10,-4755230,6,587853
10,-4755248,8,013282
10,-4755266,7,619834
10,-4755284,6,365547
10,-4755302,4,20098
10,-4755320,9,345498
10,-4755338,4,537154
10,-4755356,2,351208
10,-4755374,8,229325
10,-4755392,8,002109
10,-4755410,4,563067
10,-4755428,4,056907
10,-4755446,9,738593
10,-4755464,3,240557
10,-4755482,5,762311
10,-4755500,7,845781
10,-4755518,4,664681
10,-4755536,2,04701
10,-4755554,5,242397
10,-4755572,6,660891
10,-4755590,4,188019
10,-4755608,6,358264
10,-4755626,8,295825
10,-4755644,3,714761
10,-4755662,2,458817
10,-4755680,3,233761
10,-4755698,7,717127
10,-4755734,3,539101
10,-4755752,2,116689
10,-4755770,6,961764
10,-4755788,6,595488
10,-4755806,6,656078
10,-4755824,3,819224
10,-4755860,9,961906
10,-4755878,9,763803
10,-4755896,4,244537
10,-4755932,4,914072
10,-4755950,6,980734
10,-4755968,6,702354
10,-4755986,5,514347
10,-4756004,8,750416
10,-4756022,9,069077
10,-4756040,9,504222
10,-4756094,5,20875
10,-4756112,7,496883
10,-4756130,3,038713
10,-4756148,6,119333
10,-4756166,7,548576
10,-4756184,5,771543
10,-4756202,5,097833
10,-4756220,5,543487
10,-4756238,7,284222
10,-4756256,6,317322
10,-4756274,8,110889
10,-4756292,6,750356
10,-4756310,2,70138
10,-4756328,6,919693
10,-4756346,6,531156
10,-4756364,9,797208
10,-4756382,6,828326
10,-4756400,6,824224
10,-4756418,6,921605
10,-4756436,8,927044
10,-4756454,8,006263
10,-4756472,2,013275
10,-4756490,8,986537
10,-4756508,5,977818
10,-4756526,7,411644
10,-4756544,6,61697
10,-4756562,6,595064
10,-4756580,5,414713
10,-4756598,4,787391
10,-4756616,6,926206
10,-4756634,3,039946
10,-4756670,4,576466
10,-4756688,5,139
10,-4756706,9,031722
10,-4756724,2,715144
10,-4756742,9,865918
10,-4756760,6,803214
10,-4756814,5,013861
10,-4756832,2,004396
10,-4756850,2,799019
10,-4756868,6,236772
10,-4756886,4,147438
10,-4756904,7,264204
10,-4756922,7,592058
10,-4756940,4,690683
10,-4756958,4,964365
10,-4756976,7,107719
10,-4756994,8,70143
10,-4757030,7,177444
10,-4757048,6,225834
10,-4757066,8,505135
10,-4757102,8,698226
10,-4757120,9,743157
10,-4757138,2,928205
10,-4757156,4,319721
10,-4757174,5,886514
10,-4757192,4,978257
10,-4757210,2,974183
10,-4757228,4,690446
10,-4757246,9,175571
10,-4757282,7,061139
10,-4757300,6,185441
10,-4757318,3,838467
10,-4757336,5,689693
10,-4757354,4,833054
10,-4757372,8,234299
10,-4757390,7,970119
10,-4757408,9,334144
10,-4757426,9,527564
10,-4757444,6,549708
10,-4757462,8,948281
10,-4757480,4,250705
10,-4757498,6,806499
10,-4758584,8,948281
10,-4758604,6,549708
10,-4758624,4,244537
10,-4758644,9,56915
10,-4758664,4,964365
10,-4759704,6,926206
10,-4759724,9,700127
10,-4759744,8,538062
10,-4759764,6,961764
10,-4759784,6,180995
10,-4760818,8,751179
10,-4760838,9,297416
10,-4760858,6,185441
10,-4760878,8,937466
10,-4760898,6,225834
10,-4761934,3,038713
10,-4761954,8,948281
10,-4761974,9,11683
10,-4761994,7,177444
10,-4762014,3,607278
10,-4763048,6,986701
10,-4763068,6,28229
10,-4763088,5,819948
10,-4763108,8,191702
10,-4763128,9,56915
10,-4764158,6,119333
10,-4764178,3,896924
10,-4764198,6,180995
10,-4764218,8,290044
10,-4764238,8,751179
10,-4765272,4,188019
10,-4765292,6,921605
10,-4765312,7,717127
10,-4765332,6,596456
10,-4765352,2,013275
10,-4766380,9,56915
10,-4766400,6,119333
10,-4766420,6,980734
10,-4766440,8,927044
10,-4766460,4,960947
10,-4767490,6,824224
10,-4767510,5,493425
10,-4767530,9,334144
10,-4767550,6,595064
10,-4767570,9,527564
11,-4753916,7,219215
11,-4753934,6,180995
11,-4753952,9,56915
11,-4753970,2,726327
11,-4753988,3,341036
11,-4754006,5,847543
11,-4754042,2,006574
11,-4754060,6,286203
11,-4754096,5,841651
11,-4754114,4,637376
11,-4754132,3,432691
11,-4754168,9,218899
11,-4754186,8,937466
11,-4754204,4,529258
11,-4754222,5,500629
11,-4754258,5,885763
11,-4754294,9,776073
11,-4754312,5,006233
11,-4754330,4,188867
11,-4754348,9,82921
11,-4754366,3,896924
11,-4754402,6,596456
11,-4754420,3,214102
11,-4754438,3,916387
11,-4754474,6,741204
11,-4754492,2,696944
11,-4754510,8,538062
11,-4754528,5,493425
11,-4754546,9,461591
11,-4754564,2,273229
11,-4754582,5,034729
11,-4754600,8,81353
11,-4754618,5,282437
11,-4754636,6,986701
11,-4754654,8,191702
11,-4754672,9,61016
11,-4754690,6,260441
11,-4754708,4,367576
11,-4754726,9,700127
11,-4754744,6,28229
11,-4754762,8,751179
11,-4754816,6,072427
11,-4754834,5,588927
11,-4754852,6,73001
11,-4754870,9,297416
11,-4754888,8,224944
11,-4754906,5,819948
11,-4754924,6,593847
11,-4754960,2,626552
11,-4754978,5,629785
11,-4754996,5,688223
11,-4755014,7,143611
11,-4755032,7,688657
11,-4755050,3,279259
11,-4755068,6,284263
11,-4755104,3,607278
11,-4755140,8,971341
11,-4755176,4,590057
11,-4755194,4,960947
11,-4755212,4,590128
11,-4755230,6,587853
11,-4755248,8,013282
11,-4755266,7,619834
11,-4755284,6,365547
11,-4755302,4,20098
11,-4755320,9,345498
11,-4755356,2,351208
11,-4755392,8,002109
11,-4755410,4,563067
11,-4755428,4,056907
11,-4755446,9,738593
11,-4755482,5,762311
11,-4755518,4,664681
11,-4755536,2,04701
11,-4755554,5,242397
11,-4755572,6,660891
11,-4755590,4,188019
11,-4755608,6,358264
11,-4755626,8,295825
11,-4755662,2,458817
11,-4755680,3,233761
11,-4755698,7,717127
11,-4755734,3,539101
11,-4755752,2,116689
11,-4755770,6,961764
11,-4755788,6,595488
11,-4755806,6,656078
11,-4755824,3,819224
11,-4755860,9,961906
11,-4755878,9,763803
11,-4755896,4,244537
11,-4755932,4,914072
11,-4755950,6,980734
11,-4755968,6,702354
11,-4755986,5,514347
11,-4756022,9,069077
11,-4756040,9,504222
11,-4756094,5,20875
11,-4756112,7,496883
11,-4756130,3,038713
11,-4756148,6,119333
11,-4756184,5,771543
11,-4756202,5,097833
11,-4756220,5,543487
11,-4756256,6,317322
11,-4756274,8,110889
11,-4756292,6,750356
11,-4756310,2,70138
11,-4756328,6,919693
11,-4756346,6,531156
11,-4756364,9,797208
11,-4756382,6,828326
11,-4756400,6,824224
11,-4756418,6,921605
11,-4756436,8,927044
11,-4756454,8,006263
11,-4756472,2,013275
11,-4756490,8,986537
11,-4756508,5,977818
11,-4756526,7,411644
11,-4756544,6,61697
11,-4756562,6,595064
11,-4756580,5,414713
11,-4756598,4,787391
11,-4756616,6,926206
11,-4756670,4,576466
11,-4756688,5,139
11,-4756706,9,031722
11,-4756724,2,715144
11,-4756742,9,865918
11,-4756760,6,803214
11,-4756814,5,013861
11,-4756850,2,799019
11,-4756886,4,147438
11,-4756904,7,264204
11,-4756922,7,592058
11,-4756958,4,964365
11,-4756976,7,107719
11,-4756994,8,70143
11,-4757030,7,177444
11,-4757048,6,225834
11,-4757066,8,505135
11,-4757102,8,698226
11,-4757120,9,743157
11,-4757138,2,928205
11,-4757156,4,319721
11,-4757174,5,886514
11,-4757192,4,978257
11,-4757210,2,974183
11,-4757228,4,690446
11,-4757246,9,175571
11,-4757300,6,185441
11,-4757318,3,838467
11,-4757336,5,689693
11,-4757354,4,833054
11,-4757372,8,234299
11,-4757390,7,970119
11,-4757408,9,334144
11,-4757426,9,527564
11,-4757444,6,549708
11,-4757462,8,948281
11,-4757480,4,250705
11,-4757498,6,806499
11,-4758584,8,948281
11,-4758604,6,549708
11,-4758624,4,244537
11,-4758644,9,56915
11,-4758664,4,964365
11,-4759704,6,926206
11,-4759724,9,700127
11,-4759744,8,538062
11,-4759764,6,961764
11,-4759784,6,180995
11,-4760818,8,751179
11,-4760838,9,297416
11,-4760858,6,185441
11,-4760878,8,937466
11,-4760898,6,225834
11,-4761934,3,038713
11,-4761954,8,948281
11,-4761974,9,11683
11,-4761994,7,177444
11,-4762014,3,607278
11,-4763048,6,986701
11,-4763068,6,28229
11,-4763088,5,819948
11,-4763108,8,191702
11,-4763128,9,56915
11,-4764158,6,119333
11,-4764178,3,896924
11,-4764198,6,180995
11,-4764218,8,290044
11,-4764238,8,751179
11,-4765272,4,188019
11,-4765292,6,921605
11,-4765312,7,717127
11,-4765332,6,596456
11,-4765352,2,013275
11,-4766380,9,56915
11,-4766400,6,119333
11,-4766420,6,980734
11,-4766440,8,927044
11,-4766460,4,960947
11,-4767490,6,824224
11,-4767510,5,493425
11,-4767530,9,334144
11,-4767550,6,595064
11,-4767570,9,527564
11,-4768596,9,069077
11,-4768616,6,185441
11,-4768636,9,56915
11,-4768656,5,629785
11,-4768676,6,919693
12,-4753916,7,219215
12,-4753934,6,180995
12,-4753952,9,56915
12,-4753970,2,726327
12,-4753988,3,341036
12,-4754006,5,847543
12,-4754042,2,006574
12,-4754060,6,286203
12,-4754096,5,841651
12,-4754114,4,637376
12,-4754132,3,432691
12,-4754168,9,218899
12,-4754186,8,937466
12,-4754222,5,500629
12,-4754258,5,885763
12,-4754294,9,776073
12,-4754312,5,006233
12,-4754348,9,82921
12,-4754366,3,896924
12,-4754402,6,596456
12,-4754420,3,214102
12,-4754438,3,916387
12,-4754474,6,741204
12,-4754492,2,696944
12,-4754510,8,538062
12,-4754546,9,461591
12,-4754564,2,273229
12,-4754582,5,034729
12,-4754600,8,81353
12,-4754618,5,282437
12,-4754636,6,986701
12,-4754654,8,191702
12,-4754672,9,61016
12,-4754690,6,260441
12,-4754708,4,367576
12,-4754726,9,700127
12,-4754744,6,28229
12,-4754762,8,751179
12,-4754816,6,072427
12,-4754834,5,588927
12,-4754852,6,73001
12,-4754870,9,297416
12,-4754888,8,224944
12,-4754906,5,819948
12,-4754924,6,593847
12,-4754978,5,629785
12,-4754996,5,688223
12,-4755014,7,143611
12,-4755032,7,688657
12,-4755050,3,279259
12,-4755068,6,284263
12,-4755104,3,607278
12,-4755140,8,971341
12,-4755176,4,590057
12,-4755194,4,960947
12,-4755230,6,587853
12,-4755248,8,013282
12,-4755266,7,619834
12,-4755320,9,345498
12,-4755392,8,002109
12,-4755410,4,563067
12,-4755428,4,056907
12,-4755446,9,738593
12,-4755482,5,762311
12,-4755518,4,664681
12,-4755554,5,242397
12,-4755572,6,660891
12,-4755608,6,358264
12,-4755626,8,295825
12,-4755698,7,717127
12,-4755770,6,961764
12,-4755788,6,595488
12,-4755806,6,656078
12,-4755824,3,819224
12,-4755860,9,961906
12,-4755878,9,763803
12,-4755896,4,244537
12,-4755932,4,914072
12,-4755950,6,980734
12,-4755986,5,514347
12,-4756022,9,069077
12,-4756040,9,504222
12,-4756094,5,20875
12,-4756112,7,496883
12,-4756130,3,038713
12,-4756148,6,119333
12,-4756184,5,771543
12,-4756202,5,097833
12,-4756256,6,317322
12,-4756274,8,110889
12,-4756292,6,750356
12,-4756328,6,919693
12,-4756346,6,531156
12,-4756382,6,828326
12,-4756400,6,824224
12,-4756418,6,921605
12,-4756436,8,927044
12,-4756454,8,006263
12,-4756472,2,013275
12,-4756490,8,986537
12,-4756508,5,977818
12,-4756526,7,411644
12,-4756544,6,61697
12,-4756562,6,595064
12,-4756616,6,926206
12,-4756670,4,576466
12,-4756688,5,139
12,-4756706,9,031722
12,-4756724,2,715144
12,-4756742,9,865918
12,-4756760,6,803214
12,-4756814,5,013861
12,-4756850,2,799019
12,-4756886,4,147438
12,-4756922,7,592058
12,-4756958,4,964365
12,-4756976,7,107719
12,-4756994,8,70143
12,-4757030,7,177444
12,-4757048,6,225834
12,-4757066,8,505135
12,-4757102,8,698226
12,-4757120,9,743157
12,-4757156,4,319721
12,-4757174,5,886514
12,-4757192,4,978257
12,-4757210,2,974183
12,-4757228,4,690446
12,-4757246,9,175571
12,-4757300,6,185441
12,-4757318,3,838467
12,-4757336,5,689693
12,-4757354,4,833054
12,-4757372,8,234299
12,-4757390,7,970119
12,-4757408,9,334144
12,-4757426,9,527564
12,-4757444,6,549708
12,-4757462,8,948281
12,-4757480,4,250705
12,-4758584,8,948281
12,-4758604,6,549708
12,-4758624,4,244537
12,-4758644,9,56915
12,-4759704,6,926206
12,-4759744,8,538062
12,-4759764,6,961764
12,-4759784,6,180995
12,-4760818,8,751179
12,-4760838,9,297416
12,-4760858,6,185441
12,-4760878,8,937466
12,-4760898,6,225834
12,-4761934,3,038713
12,-4761954,8,948281
12,-4761974,9,11683
12,-4761994,7,177444
12,-4762014,3,607278
12,-4763048,6,986701
12,-4763068,6,28229
12,-4763088,5,819948
12,-4763108,8,191702
12,-4763128,9,56915
12,-4764158,6,119333
12,-4764178,3,896924
12,-4764198,6,180995
12,-4764218,8,290044
12,-4764238,8,751179
12,-4765272,4,188019
12,-4765292,6,921605
12,-4765312,7,717127
12,-4765332,6,596456
12,-4765352,2,013275
12,-4766380,9,56915
12,-4766400,6,119333
12,-4766420,6,980734
12,-4766440,8,927044
12,-4766460,4,960947
12,-4767490,6,824224
12,-4767510,5,493425
12,-4767530,9,334144
12,-4767550,6,595064
12,-4767570,9,527564
12,-4768596,9,069077
12,-4768616,6,185441
12,-4768636,9,56915
12,-4768656,5,629785
12,-4768676,6,919693
12,-4769702,5,20875
12,-4769722,9,527564
12,-4769742,9,743157
12,-4769762,7,717127
12,-4769782,6,180995
13,-4753916,7,219215
13,-4753934,6,180995
13,-4753952,9,56915
13,-4753970,2,726327
13,-4753988,3,341036
13,-4754006,5,847543
13,-4754042,2,006574
13,-4754060,6,286203
13,-4754096,5,841651
13,-4754114,4,637376
13,-4754132,3,432691
13,-4754168,9,218899
13,-4754186,8,937466
13,-4754222,5,500629
13,-4754258,5,885763
13,-4754294,9,776073
13,-4754348,9,82921
13,-4754366,3,896924
13,-4754402,6,596456
13,-4754420,3,214102
13,-4754438,3,916387
13,-4754510,8,538062
13,-4754546,9,461591
13,-4754582,5,034729
13,-4754618,5,282437
13,-4754636,6,986701
13,-4754654,8,191702
13,-4754672,9,61016
13,-4754690,6,260441
13,-4754708,4,367576
13,-4754816,6,072427
13,-4754834,5,588927
13,-4754852,6,73001
13,-4754870,9,297416
13,-4754888,8,224944
13,-4754906,5,819948
13,-4754924,6,593847
13,-4754978,5,629785
13,-4754996,5,688223
13,-4755014,7,143611
13,-4755032,7,688657
13,-4755050,3,279259
13,-4755068,6,284263
13,-4755104,3,607278
13,-4755140,8,971341
13,-4755194,4,960947
13,-4755230,6,587853
13,-4755248,8,013282
13,-4755266,7,619834
13,-4755320,9,345498
13,-4755392,8,002109
13,-4755410,4,563067
13,-4755428,4,056907
13,-4755446,9,738593
13,-4755482,5,762311
13,-4755518,4,664681
13,-4755554,5,242397
13,-4755572,6,660891
13,-4755608,6,358264
13,-4755626,8,295825
13,-4755698,7,717127
13,-4755770,6,961764
13,-4755788,6,595488
13,-4755806,6,656078
13,-4755860,9,961906
13,-4755878,9,763803
13,-4755896,4,244537
13,-4755932,4,914072
13,-4755950,6,980734
13,-4755986,5,514347
13,-4756022,9,069077
13,-4756040,9,504222
13,-4756094,5,20875
13,-4756112,7,496883
13,-4756130,3,038713
13,-4756148,6,119333
13,-4756184,5,771543
13,-4756202,5,097833
13,-4756256,6,317322
13,-4756274,8,110889
13,-4756292,6,750356
13,-4756328,6,919693
13,-4756346,6,531156
13,-4756400,6,824224
13,-4756418,6,921605
13,-4756436,8,927044
13,-4756454,8,006263
13,-4756472,2,013275
13,-4756490,8,986537
13,-4756508,5,977818
13,-4756526,7,411644
13,-4756544,6,61697
13,-4756562,6,595064
13,-4756616,6,926206
13,-4756670,4,576466
13,-4756688,5,139
13,-4756706,9,031722
13,-4756724,2,715144
13,-4756742,9,865918
13,-4756760,6,803214
13,-4756814,5,013861
13,-4756850,2,799019
13,-4756886,4,147438
13,-4756922,7,592058
13,-4756958,4,964365
13,-4756976,7,107719
13,-4756994,8,70143
13,-4757030,7,177444
13,-4757048,6,225834
13,-4757066,8,505135
13,-4757102,8,698226
13,-4757120,9,743157
13,-4757156,4,319721
13,-4757174,5,886514
13,-4757192,4,978257
13,-4757210,2,974183
13,-4757228,4,690446
13,-4757246,9,175571
13,-4757300,6,185441
13,-4757318,3,838467
13,-4757336,5,689693
13,-4757354,4,833054
13,-4757372,8,234299
13,-4757390,7,970119
13,-4757408,9,334144
13,-4757426,9,527564
13,-4757444,6,549708
13,-4757462,8,948281
13,-4757480,4,250705
13,-4758584,8,948281
13,-4758604,6,549708
13,-4758624,4,244537
13,-4758644,9,56915
13,-4759704,6,926206
13,-4759744,8,538062
13,-4759764,6,961764
13,-4759784,6,180995
13,-4760818,8,751179
13,-4760858,6,185441
13,-4760878,8,937466
13,-4760898,6,225834
13,-4761934,3,038713
13,-4761954,8,948281
13,-4761974,9,11683
13,-4761994,7,177444
13,-4762014,3,607278
13,-4763048,6,986701
13,-4763068,6,28229
13,-4763088,5,819948
13,-4763108,8,191702
13,-4763128,9,56915
13,-4764158,6,119333
13,-4764178,3,896924
13,-4764198,6,180995
13,-4764218,8,290044
13,-4764238,8,751179
13,-4765272,4,188019
13,-4765292,6,921605
13,-4765312,7,717127
13,-4765332,6,596456
13,-4765352,2,013275
13,-4766380,9,56915
13,-4766400,6,119333
13,-4766420,6,980734
13,-4766440,8,927044
13,-4766460,4,960947
13,-4767490,6,824224
13,-4767510,5,493425
13,-4767530,9,334144
13,-4767550,6,595064
13,-4767570,9,527564
13,-4768596,9,069077
13,-4768616,6,185441
13,-4768636,9,56915
13,-4768656,5,629785
13,-4768676,6,919693
13,-4769702,5,20875
13,-4769722,9,527564
13,-4769742,9,743157
13,-4769762,7,717127
13,-4769782,6,180995
13,-4770816,8,948281
13,-4770836,3,896924
13,-4770856,9,345498
13,-4770876,9,700127
13,-4770896,7,411644
